Wate,sed,gut,hem,Wate|sed,Wate|gut,Wate|hem,Wate|p,sed|gut,sed|hem,sed|p,gut|hem,Wate|sed|gut,Wate|sed|hem,Wate|sed|p,Wate|gut|hem,Wate|gut|p,Wate|hem|p,sed|gut|hem,sed|gut|p,Wate|sed|gut|hem,Wate|sed|gut|p,Wate|sed|hem|p,sed|gut|hem|p,Wate|sed|gut|hem|p
Maribellus_ASV5612,Methylococcus_ASV2186,Rubrobacter_ASV16223,Ruminococcus_ASV13580,Anaerorhabdus_ASV288,Pantoea_ASV1174,Terasakiella_ASV1766,Granulicatella_ASV15870,Mangrovimonas_ASV11177,Castellaniella_ASV2236,Chryseobacterium_ASV8474,Mediterraneibacter_ASV8199,Carboxylicivirga_ASV2348,Macellibacterium_ASV1728,Shinella_ASV11852,Erysipelotrichaceae_ASV13144,Vibrio_ASV1543,Spirosoma_ASV14981,Anaerostipes_ASV6987,Desulfovibrio_ASV15882,Muribacula_ASV1229,Tenacibaculum_ASV4935,Bremerella_ASV5618,Enterobacter_ASV7606,Erysipelothrix_ASV1757
Streptomyces_ASV1175,Fimbriimonas_ASV14334,Megasphaera_ASV15625,Weissella_ASV14201,Andreesenia_ASV11136,Stenotrophomonas_ASV4715,Pseudorhodobacter_ASV787,Helicobacter_ASV1278,Soehngenia_ASV2076,Amphiplicatus_ASV1820,Saccharimonadaceae_ASV14715,Dorea_ASV2055,Lactococcus_ASV421,Rubritalea_ASV808,Shewanella_ASV6390,Spongiimonas_ASV241,,,Bifidobacterium_ASV15637,Photobacterium_ASV4167,Ileibacterium_ASV2205,Aeromonas_ASV4494,Streptococcus_ASV14078,,Nocardioides_ASV16495
Treponema_ASV1963,Roseicitreum_ASV3913,Nitriliruptor_ASV6910,Holdemanella_ASV2063,Blastocatella_ASV14968,,Vicingus_ASV8158,,Zag_111_ASV54,Turicibacter_ASV1261,Desulfurobacterium_ASV10430,Sporichthya_ASV16066,Acetobacterium_ASV3900,Sedimenticola_ASV6974,Brevundimonas_ASV616,Peredibacter_ASV1976,,,Faecalibaculum_ASV1375,,Candidatus_Bacilloplasma_ASV6384,uncultured_Mycoplasmataceae_ASV1204,peptostreptococcus_ASV2711,,Pseudomonas_ASV14189
Ferruginibacter_ASV5378,Desulfatiglans_ASV3244,Nitrososphaera_ASV13527,Vagococcus_ASV14017,Candidatus_Megaira_ASV8544,,Staphylococcus_ASV8349,,Megamonas_ASV276,Flavonifractor_ASV2030,Capnocytophaga_ASV15892,Anaerotignum_ASV7468,Desulfomicrobium_ASV3831,Aequorivita_ASV1805,Bacteroides_ASV5945,Hypnocyclicus_ASV13999,,,Aerococcus_ASV259,,Desulfobacter_ASV11825,Bacillus_ASV14090,Microbacterium_ASV15020,,Arcobacter_ASV102
Beijerinckia_ASV12563,Skermanella_ASV14963,Rurimicrobium_ASV7912,Rubellimicrobium_ASV14165,CSP1-2_ASV7230,,,,Allobaculum_ASV4381,Acutalibacter_ASV14536,,,Limibacillus_ASV6209,Dubosiella_ASV2971,Alcaligenes_ASV1726,Ralstonia_ASV1230,,,,,Clostridium_ASV13872,,Flavobacterium_ASV1582,,Acinetobacter_ASV14098
Dokdonella_ASV14438,Vermiphilum_ASV3085,Tetrasphaera_ASV2147,Fusicatenibacter_ASV1809,Hyphomonas_ASV3652,,,,Legionella_ASV3109,Cyclobacterium_ASV1836,,,Marinilabilia_ASV14252,Candidatus_Thiosymbion_ASV6847,,,,,,,Lactobacillus_ASV175,,,,
Lysinibacillus_ASV8755,Caldithrix_ASV14407,Candidatus Coprosoma_ASV1457,Agathobacter_ASV13193,Peptoclostridium_ASV12265,,,,,Haloferula_ASV701,,,Phaselicystis_ASV14353,Ligilactobacillus_ASV56,,,,,,,Comamonas_ASV3768,,,,
CK06-06-Mud-MAS4B-21_ASV5424,Sulfuricaulis_ASV4684,Parabacteroides_ASV13664,Anaerobutyricum_ASV8401,Qipengyuania_ASV2428,,,,,,,,Mesobacillus_ASV10111,Hyphomicrobium_ASV5906,,,,,,,,,,,
NS5_marine_group_ASV4822,Pelolinea_ASV10999,Candidatus Gastranaerophilaceae_ASV11823,Ruminiclostridium_ASV7458,Tepidibacter_ASV913,,,,,,,,Kiritimatiella_ASV2515,Acetoanaerobium_ASV5883,,,,,,,,,,,
Thalassospira_ASV4895,Epulopiscium_ASV6996,Draconibacterium_ASV6497,Thiothrix_ASV1651,Truepera_ASV6049,,,,,,,,Candidatus_Soleaferrea_ASV3624,Algoriphagus_ASV2010,,,,,,,,,,,
Altericroceibacterium_ASV871,Marinobacter_ASV14829,Candidatus_Thiodiazotropha_ASV6477,Ammoniphilus_ASV14849,Methyloligella_ASV1971,,,,,,,,Aminipila_ASV3126,Nitrosomonas_ASV1553,,,,,,,,,,,
Chthoniobacteraceae_LD29_ASV4828,Microbulbifer_ASV11408,,Candidatus_Endoecteinascidia_ASV1569,Fusobacterium_ASV12129,,,,,,,,Anaerovorax_ASV2098,Sphingomonas_ASV6107,,,,,,,,,,,
Faecalibacterium_ASV5420,SCGC-AB-539-J10_ASV4442,,Rheinheimera_ASV1227,Leptospira_ASV8261,,,,,,,,Marinicella_ASV10104,Chitinophaga_ASV14122,,,,,,,,,,,
Marinomonas_ASV4832,Limosilactobacillus_ASV3567,,Blautia_ASV1723,Nesterenkonia_ASV6682,,,,,,,,Spirochaeta_ASV2271,Corynebacterium_ASV15605,,,,,,,,,,,
Burkholderia-Caballeronia-Paraburkholderia_ASV15668,Acetobacter_ASV16000,,Candidatus_Hepatoplasma_ASV1203,Opitutae_ASV495,,,,,,,,Phycisphaera_ASV4942,Rhizobia_ASV8270,,,,,,,,,,,
Litorivicinus_ASV4750,Xanthomarina_ASV11527,,,Robiginitalea_ASV8789,,,,,,,,Lysobacter_ASV6908,Nitratireductor_ASV8365,,,,,,,,,,,
Psychrobacter_ASV14055,Mammaliicoccus_ASV7391,,,Xanthobacter_ASV15589,,,,,,,,Desulfotalea_ASV6629,Halioglobus_ASV2745,,,,,,,,,,,
Bacteriovorax_ASV16761,Rossellomorea_ASV9501,,,Kurthia_ASV8884,,,,,,,,Rhodocyclus_ASV3769,Rhodobacter_ASV4615,,,,,,,,,,,
Roseivirga_ASV5212,Desulfobacca_ASV3908,,,OM27_clade_ASV10940,,,,,,,,Synechococcus_ASV14005,,,,,,,,,,,,
Marivita_ASV4699,Macellibacteroides_ASV3691,,,Sandaracinus_ASV9870,,,,,,,,,,,,,,,,,,,,
Solirubrobacter_ASV3946,Caldilineales_ASV9621,,,Halomonas_ASV7567,,,,,,,,,,,,,,,,,,,,
Clade_Ia_ASV4644,Marinifilum_ASV3681,,,Planococcus_ASV623,,,,,,,,,,,,,,,,,,,,
Paracoccus_ASV6742,,,,Methylophaga_ASV4311,,,,,,,,,,,,,,,,,,,,
Francisella_ASV5127,,,,uncultured_candidate_ASV4460,,,,,,,,,,,,,,,,,,,,
,,,,Melioribacteraceae_IheB3-7_ASV14263,,,,,,,,,,,,,,,,,,,,
,,,,Thiobacillus_ASV3217,,,,,,,,,,,,,,,,,,,,
,,,,Trichococcus_ASV5290,,,,,,,,,,,,,,,,,,,,
,,,,Sva0081_sediment_group_ASV4428,,,,,,,,,,,,,,,,,,,,
,,,,Crocinitomix_ASV12406,,,,,,,,,,,,,,,,,,,,
,,,,PHOS-HE36_ASV4439,,,,,,,,,,,,,,,,,,,,
,,,,R76-B128_ASV2572,,,,,,,,,,,,,,,,,,,,
,,,,Syntrophobacter_ASV2339,,,,,,,,,,,,,,,,,,,,
,,,,Agathobaculum_ASV1900,,,,,,,,,,,,,,,,,,,,
,,,,Sulfurimonas_ASV4799,,,,,,,,,,,,,,,,,,,,
,,,,Thermoanaerobacter_ASV5471,,,,,,,,,,,,,,,,,,,,
,,,,Pseudobacteriovorax_ASV2829,,,,,,,,,,,,,,,,,,,,
,,,,Pseudoxanthomonas_ASV10648,,,,,,,,,,,,,,,,,,,,
,,,,Methylophilus_ASV16718,,,,,,,,,,,,,,,,,,,,
,,,,Ilumatobacter_ASV830,,,,,,,,,,,,,,,,,,,,
,,,,Pedosphaera_ASV4763,,,,,,,,,,,,,,,,,,,,
,,,,Vicinamibacter_ASV1415,,,,,,,,,,,,,,,,,,,,
,,,,Anaerolinea_ASV10581,,,,,,,,,,,,,,,,,,,,
,,,,Saprospira_ASV1575,,,,,,,,,,,,,,,,,,,,
,,,,Arenimonas_ASV14128,,,,,,,,,,,,,,,,,,,,
,,,,Methylobacterium_ASV638,,,,,,,,,,,,,,,,,,,,
,,,,uncultured_bacterium_ASV15125,,,,,,,,,,,,,,,,,,,,
,,,,Romboutsia_ASV283,,,,,,,,,,,,,,,,,,,,
,,,,Nitrospira_ASV4985,,,,,,,,,,,,,,,,,,,,
,,,,Gaiella_ASV684,,,,,,,,,,,,,,,,,,,,
,,,,Pedobacter_ASV15909,,,,,,,,,,,,,,,,,,,,
,,,,Desulfosarcina_ASV2684,,,,,,,,,,,,,,,,,,,,
,,,,Sulfurovum_ASV8464,,,,,,,,,,,,,,,,,,,,
,,,,Ignavibacterium_ASV5929,,,,,,,,,,,,,,,,,,,,
,,,,Desulfobulbus_ASV5595,,,,,,,,,,,,,,,,,,,,
,,,,Candidatus_Actinomarina_ASV4764,,,,,,,,,,,,,,,,,,,,
,,,,Prolixibacter_ASV7792,,,,,,,,,,,,,,,,,,,,
,,,,Arenibacter_ASV1652,,,,,,,,,,,,,,,,,,,,
,,,,Steroidobacter_ASV2234,,,,,,,,,,,,,,,,,,,,
,,,,Defluviimonas_ASV1584,,,,,,,,,,,,,,,,,,,,
,,,,Flavilitoribacter_ASV2906,,,,,,,,,,,,,,,,,,,,
,,,,Dysgonomonas_ASV7445,,,,,,,,,,,,,,,,,,,,
,,,,Geothermobacter_ASV2100,,,,,,,,,,,,,,,,,,,,
,,,,Methylotenera_ASV2538,,,,,,,,,,,,,,,,,,,,
,,,,Hydrogenophaga_ASV5497,,,,,,,,,,,,,,,,,,,,
,,,,Marivivens_ASV1933,,,,,,,,,,,,,,,,,,,,
,,,,Lachnospiraceae_ASV14085,,,,,,,,,,,,,,,,,,,,
