Wate,sed,gut,hem,Wate|sed,Wate|gut,Wate|hem,sed|gut,sed|hem,gut|hem,Wate|sed|gut,Wate|sed|hem,Wate|gut|hem,sed|gut|hem,Wate|sed|gut|hem
Granulicatella_ASV15870,Methylococcus_ASV2186,Rubrobacter_ASV16223,Ruminococcus_ASV13580,Anaerorhabdus_ASV288,Pantoea_ASV1174,Terasakiella_ASV1766,Mangrovimonas_ASV11177,Castellaniella_ASV2236,Mediterraneibacter_ASV8199,Carboxylicivirga_ASV2348,Macellibacterium_ASV1728,Erysipelotrichaceae_ASV13144,Anaerostipes_ASV6987,Erysipelothrix_ASV1757
Maribellus_ASV5612,Chryseobacterium_ASV8474,Megasphaera_ASV15625,Weissella_ASV14201,Andreesenia_ASV11136,Vibrio_ASV1543,Pseudorhodobacter_ASV787,Soehngenia_ASV2076,Amphiplicatus_ASV1820,Dorea_ASV2055,Lactococcus_ASV421,Rubritalea_ASV808,Spongiimonas_ASV241,Bifidobacterium_ASV15637,Muribacula_ASV1229
Streptomyces_ASV1175,Fimbriimonas_ASV14334,Nitriliruptor_ASV6910,Holdemanella_ASV2063,Blastocatella_ASV14968,Stenotrophomonas_ASV4715,Vicingus_ASV8158,Zag_111_ASV54,Turicibacter_ASV1261,Sporichthya_ASV16066,Acetobacterium_ASV3900,Sedimenticola_ASV6974,Peredibacter_ASV1976,Enterobacter_ASV7606,Nocardioides_ASV16495
Treponema_ASV1963,Roseicitreum_ASV3913,Nitrososphaera_ASV13527,Vagococcus_ASV14017,Candidatus_Megaira_ASV8544,,Staphylococcus_ASV8349,Megamonas_ASV276,Flavonifractor_ASV2030,Anaerotignum_ASV7468,Desulfomicrobium_ASV3831,Aequorivita_ASV1805,Hypnocyclicus_ASV13999,Faecalibaculum_ASV1375,Ileibacterium_ASV2205
Ferruginibacter_ASV5378,Saccharimonadaceae_ASV14715,Rurimicrobium_ASV7912,Rubellimicrobium_ASV14165,CSP1-2_ASV7230,,Spirosoma_ASV14981,Allobaculum_ASV4381,Acutalibacter_ASV14536,,Limibacillus_ASV6209,Dubosiella_ASV2971,Ralstonia_ASV1230,Aerococcus_ASV259,Candidatus_Bacilloplasma_ASV6384
Beijerinckia_ASV12563,Desulfatiglans_ASV3244,Tetrasphaera_ASV2147,Fusicatenibacter_ASV1809,Hyphomonas_ASV3652,,,Desulfovibrio_ASV15882,Cyclobacterium_ASV1836,,Marinilabilia_ASV14252,Candidatus_Thiosymbion_ASV6847,,,Desulfobacter_ASV11825
Dokdonella_ASV14438,Skermanella_ASV14963,Candidatus Coprosoma_ASV1457,Agathobacter_ASV13193,Peptoclostridium_ASV12265,,,Photobacterium_ASV4167,Haloferula_ASV701,,Phaselicystis_ASV14353,Bremerella_ASV5618,,,Pseudomonas_ASV14189
Helicobacter_ASV1278,Vermiphilum_ASV3085,Parabacteroides_ASV13664,Anaerobutyricum_ASV8401,Qipengyuania_ASV2428,,,Legionella_ASV3109,,,Mesobacillus_ASV10111,Ligilactobacillus_ASV56,,,Arcobacter_ASV102
Lysinibacillus_ASV8755,Caldithrix_ASV14407,Candidatus Gastranaerophilaceae_ASV11823,Ruminiclostridium_ASV7458,Shinella_ASV11852,,,,,,Kiritimatiella_ASV2515,Hyphomicrobium_ASV5906,,,Clostridium_ASV13872
CK06-06-Mud-MAS4B-21_ASV5424,Sulfuricaulis_ASV4684,Draconibacterium_ASV6497,Thiothrix_ASV1651,Tepidibacter_ASV913,,,,,,Tenacibaculum_ASV4935,Acetoanaerobium_ASV5883,,,Lactobacillus_ASV175
NS5_marine_group_ASV4822,Pelolinea_ASV10999,Candidatus_Thiodiazotropha_ASV6477,Ammoniphilus_ASV14849,Truepera_ASV6049,,,,,,Aeromonas_ASV4494,Algoriphagus_ASV2010,,,Acinetobacter_ASV14098
Thalassospira_ASV4895,Epulopiscium_ASV6996,,Candidatus_Endoecteinascidia_ASV1569,Methyloligella_ASV1971,,,,,,Candidatus_Soleaferrea_ASV3624,Streptococcus_ASV14078,,,Comamonas_ASV3768
Altericroceibacterium_ASV871,Marinobacter_ASV14829,,Rheinheimera_ASV1227,Fusobacterium_ASV12129,,,,,,uncultured_Mycoplasmataceae_ASV1204,peptostreptococcus_ASV2711,,,
Chthoniobacteraceae_LD29_ASV4828,Microbulbifer_ASV11408,,Blautia_ASV1723,Leptospira_ASV8261,,,,,,Aminipila_ASV3126,Nitrosomonas_ASV1553,,,
Faecalibacterium_ASV5420,SCGC-AB-539-J10_ASV4442,,Candidatus_Hepatoplasma_ASV1203,Nesterenkonia_ASV6682,,,,,,Anaerovorax_ASV2098,Sphingomonas_ASV6107,,,
Marinomonas_ASV4832,Limosilactobacillus_ASV3567,,,Opitutae_ASV495,,,,,,Marinicella_ASV10104,Chitinophaga_ASV14122,,,
Burkholderia-Caballeronia-Paraburkholderia_ASV15668,Acetobacter_ASV16000,,,Robiginitalea_ASV8789,,,,,,Spirochaeta_ASV2271,Corynebacterium_ASV15605,,,
Litorivicinus_ASV4750,Xanthomarina_ASV11527,,,Xanthobacter_ASV15589,,,,,,Bacillus_ASV14090,Rhizobia_ASV8270,,,
Psychrobacter_ASV14055,Desulfurobacterium_ASV10430,,,Kurthia_ASV8884,,,,,,Phycisphaera_ASV4942,Nitratireductor_ASV8365,,,
Bacteriovorax_ASV16761,Mammaliicoccus_ASV7391,,,OM27_clade_ASV10940,,,,,,Lysobacter_ASV6908,Halioglobus_ASV2745,,,
Roseivirga_ASV5212,Rossellomorea_ASV9501,,,Sandaracinus_ASV9870,,,,,,Desulfotalea_ASV6629,Microbacterium_ASV15020,,,
Marivita_ASV4699,Desulfobacca_ASV3908,,,Halomonas_ASV7567,,,,,,Rhodocyclus_ASV3769,Flavobacterium_ASV1582,,,
Solirubrobacter_ASV3946,Macellibacteroides_ASV3691,,,Planococcus_ASV623,,,,,,Synechococcus_ASV14005,Rhodobacter_ASV4615,,,
Clade_Ia_ASV4644,Caldilineales_ASV9621,,,Methylophaga_ASV4311,,,,,,,,,,
Paracoccus_ASV6742,Marinifilum_ASV3681,,,uncultured_candidate_ASV4460,,,,,,,,,,
Francisella_ASV5127,Capnocytophaga_ASV15892,,,Melioribacteraceae_IheB3-7_ASV14263,,,,,,,,,,
,,,,Thiobacillus_ASV3217,,,,,,,,,,
,,,,Trichococcus_ASV5290,,,,,,,,,,
,,,,Sva0081_sediment_group_ASV4428,,,,,,,,,,
,,,,Crocinitomix_ASV12406,,,,,,,,,,
,,,,PHOS-HE36_ASV4439,,,,,,,,,,
,,,,R76-B128_ASV2572,,,,,,,,,,
,,,,Syntrophobacter_ASV2339,,,,,,,,,,
,,,,Agathobaculum_ASV1900,,,,,,,,,,
,,,,Shewanella_ASV6390,,,,,,,,,,
,,,,Sulfurimonas_ASV4799,,,,,,,,,,
,,,,Thermoanaerobacter_ASV5471,,,,,,,,,,
,,,,Pseudobacteriovorax_ASV2829,,,,,,,,,,
,,,,Pseudoxanthomonas_ASV10648,,,,,,,,,,
,,,,Brevundimonas_ASV616,,,,,,,,,,
,,,,Methylophilus_ASV16718,,,,,,,,,,
,,,,Ilumatobacter_ASV830,,,,,,,,,,
,,,,Pedosphaera_ASV4763,,,,,,,,,,
,,,,Vicinamibacter_ASV1415,,,,,,,,,,
,,,,Anaerolinea_ASV10581,,,,,,,,,,
,,,,Saprospira_ASV1575,,,,,,,,,,
,,,,Arenimonas_ASV14128,,,,,,,,,,
,,,,Methylobacterium_ASV638,,,,,,,,,,
,,,,uncultured_bacterium_ASV15125,,,,,,,,,,
,,,,Romboutsia_ASV283,,,,,,,,,,
,,,,Nitrospira_ASV4985,,,,,,,,,,
,,,,Gaiella_ASV684,,,,,,,,,,
,,,,Pedobacter_ASV15909,,,,,,,,,,
,,,,Desulfosarcina_ASV2684,,,,,,,,,,
,,,,Sulfurovum_ASV8464,,,,,,,,,,
,,,,Ignavibacterium_ASV5929,,,,,,,,,,
,,,,Desulfobulbus_ASV5595,,,,,,,,,,
,,,,Candidatus_Actinomarina_ASV4764,,,,,,,,,,
,,,,Prolixibacter_ASV7792,,,,,,,,,,
,,,,Arenibacter_ASV1652,,,,,,,,,,
,,,,Steroidobacter_ASV2234,,,,,,,,,,
,,,,Defluviimonas_ASV1584,,,,,,,,,,
,,,,Flavilitoribacter_ASV2906,,,,,,,,,,
,,,,Dysgonomonas_ASV7445,,,,,,,,,,
,,,,Geothermobacter_ASV2100,,,,,,,,,,
,,,,Methylotenera_ASV2538,,,,,,,,,,
,,,,Hydrogenophaga_ASV5497,,,,,,,,,,
,,,,Marivivens_ASV1933,,,,,,,,,,
,,,,Lachnospiraceae_ASV14085,,,,,,,,,,
,,,,Bacteroides_ASV5945,,,,,,,,,,
,,,,Alcaligenes_ASV1726,,,,,,,,,,
