Water,Sediment,Crab Gut,Crab Hem,pathogene,Water|Sediment,Water|Crab Gut,Water|Crab Hem,Water|pathogene,Sediment|Crab Gut,Sediment|Crab Hem,Sediment|pathogene,Crab Gut|Crab Hem,Crab Hem|pathogene,Water|Sediment|Crab Gut,Water|Sediment|Crab Hem,Water|Sediment|pathogene,Water|Crab Gut|Crab Hem,Sediment|Crab Gut|Crab Hem,Sediment|Crab Gut|pathogene,Sediment|Crab Hem|pathogene,Water|Sediment|Crab Gut|Crab Hem,Water|Sediment|Crab Gut|pathogene,Water|Sediment|Crab Hem|pathogene,Sediment|Crab Gut|Crab Hem|pathogene,Water|Sediment|Crab Gut|Crab Hem|pathogene
Escherichia-Shigella_ASV13616,Acetobacter_ASV16000,Morganella_ASV330,Pararhodobacter_ASV578,Helicobacter_ASV1278,Limosilactobacillus_ASV3567,Ralstonia_ASV1230,Mammaliicoccus_ASV7391,Bacteroides_ASV5945,Limibacillus_ASV6209,Aequorivita_ASV1805,Desulfurobacterium_ASV10430,Fusicatenibacter_ASV1809,Streptococcus_ASV14078,Fimbriimonas_ASV14334,Acutalibacter_ASV14536,Shewanella_ASV6390,Anaerostipes_ASV6987,Aminipila_ASV3126,Desulfovibrio_ASV15882,Saccharimonadaceae_ASV14715,Megamonas_ASV276,Vibrio_ASV1543,Chryseobacterium_ASV8474,Spirosoma_ASV14981,uncultured_Mycoplasmataceae_ASV1204
Marinomonas_ASV4832,Andreesenia_ASV11136,Phascolarctobacterium_ASV13017,Roseibacillus_ASV482,Granulicatella_ASV15870,Leptospira_ASV8261,Sporichthya_ASV16066,Candidatus_Thiosymbion_ASV6847,,Mesobacillus_ASV10111,Amphiplicatus_ASV1820,Shinella_ASV11852,Coprococcus_ASV2364,,Kiritimatiella_ASV2515,Rubritalea_ASV808,,Desulfomicrobium_ASV3831,Candidatus_Bacilloplasma_ASV6384,Nocardioides_ASV16495,,PHOS-HE36_ASV4439,,Brevundimonas_ASV616,,Bremerella_ASV5618
Roseivirga_ASV5212,Bradymonas_ASV2990,Rubrobacter_ASV16223,Candidatus_Soleaferrea_ASV3624,Capnocytophaga_ASV15892,Flavonifractor_ASV2030,Peredibacter_ASV1976,Vermiphilum_ASV3085,,Myxococcus_ASV3582,Castellaniella_ASV2236,Tenacibaculum_ASV4935,Pseudorhodobacter_ASV787,,Allobaculum_ASV4381,Candidatus_Megaira_ASV8544,,Anaerobutyricum_ASV8401,Carboxylicivirga_ASV2348,Photobacterium_ASV4167,,Fusobacterium_ASV12129,,peptostreptococcus_ASV2711,,Bacillus_ASV14090
Macrococcus_ASV14110,Caldilineales_ASV9621,Soehngenia_ASV2076,Psychrobacter_ASV14055,,Phaselicystis_ASV14353,,Bifidobacterium_ASV15637,,Pantoea_ASV1174,Chromobacterium_ASV1775,,Nitriliruptor_ASV6910,,Marinobacter_ASV14829,Sva0081_sediment_group_ASV4428,,Agathobacter_ASV13193,Thiobacillus_ASV3217,,,Haloferula_ASV701,,Microbacterium_ASV15020,,Aeromonas_ASV4494
Megasphaera_ASV15625,Caldithrix_ASV14407,Defluviitaleaceae_ASV289,Massilia_ASV16284,,Microbulbifer_ASV11408,,Oxalobacter_ASV4657,,,Kurthia_ASV8884,,Draconibacterium_ASV6497,,Phycisphaera_ASV4942,Macellibacterium_ASV1728,,Lysobacter_ASV6908,Xanthobacter_ASV15589,,,uncultured_candidate_ASV4460,,Alcaligenes_ASV1726,,Enterobacter_ASV7606
Clade_Ia_ASV4644,Chthoniobacteraceae_LD29_ASV4828,Tritonibacter_ASV963,Trichococcus_ASV5290,,Turicibacter_ASV1261,,Roseburia_ASV13060,,,Lutimonas_ASV8765,,Beijerinckia_ASV12563,,Synechococcus_ASV14005,Pedosphaera_ASV4763,,Stenotrophomonas_ASV4715,,,,Agathobaculum_ASV1900,,,,Erysipelothrix_ASV1757
Holdemanella_ASV2063,Cyclobacterium_ASV1836,Anaerorhabdus_ASV288,Fenollaria_ASV14721,,OM27_clade_ASV10940,,Lysinibacillus_ASV8755,,,Maribellus_ASV5612,,Hypnocyclicus_ASV13999,,Desulfotalea_ASV6629,Nitrosomonas_ASV1553,,,,,,R76-B128_ASV2572,,,,Pseudomonas_ASV14189
Veillonella_ASV13062,Desulfatiglans_ASV3244,Marinilabilia_ASV14252,Enhydrobacter_ASV8416,,Methylophaga_ASV4311,,Methylophilus_ASV16718,,,Planococcus_ASV623,,,,,CSP1-2_ASV7230,,,,,,Faecalibaculum_ASV1375,,,,Arcobacter_ASV102
Wolbachia_ASV12726,Desulfobacca_ASV3908,Parabacteroides_ASV13664,Ezakiella_ASV14710,,Opitutae_ASV495,,,,,Pseudoxanthomonas_ASV10648,,,,,Thermoanaerobacter_ASV5471,,,,,,Hyphomicrobium_ASV5906,,,,Acinetobacter_ASV14098
Sneathia_ASV7110,Desulfomonile_ASV12004,Nitrososphaera_ASV13527,Companilactobacillus_ASV7396,,Melioribacteraceae_IheB3-7_ASV14263,,,,,Qipengyuania_ASV2428,,,,,Muribacula_ASV1229,,,,,,Lactococcus_ASV421,,,,Flavobacterium_ASV1582
Paracoccus_ASV6742,Hyphomonas_ASV3652,Dokdonella_ASV14438,Spongiimonas_ASV241,,Anaerolinea_ASV10581,,,,,Robiginitalea_ASV8789,,,,,uncultured_bacterium_ASV15125,,,,,,Anaerovorax_ASV2098,,,,
Marivivens_ASV1933,Macellibacteroides_ASV3691,Candidatus_Thiodiazotropha_ASV6477,Mediterraneibacter_ASV8199,,Desulfosarcina_ASV2684,,,,,Sandaracinus_ASV9870,,,,,Blastocatella_ASV14968,,,,,,Aerococcus_ASV259,,,,
Hydrogenophaga_ASV5497,Marinifilum_ASV3681,Spirochaeta_ASV2271,Ruminococcus_ASV13580,,Gaiella_ASV684,,,,,Xanthomarina_ASV11527,,,,,Syntrophobacter_ASV2339,,,,,,Ilumatobacter_ASV830,,,,
,Methyloligella_ASV1971,Thalassobaculum_ASV15669,Sedimenticola_ASV6974,,Arenimonas_ASV14128,,,,,Zag_111_ASV54,,,,,Romboutsia_ASV283,,,,,,Marinicella_ASV10104,,,,
,Micromonosporaceae_ASV14377,Pseudoalteromonas_ASV14134,Subdoligranulum_ASV8387,,Ignavibacterium_ASV5929,,,,,,,,,,Crocinitomix_ASV12406,,,,,,Dubosiella_ASV2971,,,,
,Pelolinea_ASV10999,Methylococcus_ASV2186,Bacteriovorax_ASV16761,,Pedobacter_ASV15909,,,,,,,,,,Pseudobacteriovorax_ASV2829,,,,,,Legionella_ASV3109,,,,
,Peptoclostridium_ASV12265,NS5_marine_group_ASV4822,Chryseomicrobium_ASV14680,,Candidatus_Actinomarina_ASV4764,,,,,,,,,,Nitrospira_ASV4985,,,,,,Desulfobacter_ASV11825,,,,
,Portibacter_ASV2056,Thermomicrobium_ASV14477,Monoglobus_ASV8229,,Arenibacter_ASV1652,,,,,,,,,,Chitinophaga_ASV14122,,,,,,Ileibacterium_ASV2205,,,,
,Roseicitreum_ASV3913,,Rubellimicrobium_ASV14165,,Solirubrobacter_ASV3946,,,,,,,,,,Saprospira_ASV1575,,,,,,Lactobacillus_ASV175,,,,
,Rossellomorea_ASV9501,,Thiothrix_ASV1651,,Sulfurovum_ASV8464,,,,,,,,,,Algoriphagus_ASV2010,,,,,,Dysgonomonas_ASV7445,,,,
,SCGC-AB-539-J10_ASV4442,,Erysipelotrichaceae_ASV13144,,Desulfobulbus_ASV5595,,,,,,,,,,Defluviimonas_ASV1584,,,,,,Clostridium_ASV13872,,,,
,Sulfuricaulis_ASV4684,,Dorea_ASV2055,,Flavilitoribacter_ASV2906,,,,,,,,,,Prolixibacter_ASV7792,,,,,,Rhodocyclus_ASV3769,,,,
,Sulfurimonas_ASV4799,,Faecalibacterium_ASV5420,,Geothermobacter_ASV2100,,,,,,,,,,Methylobacterium_ASV638,,,,,,Comamonas_ASV3768,,,,
,Tepidibacter_ASV913,,Staphylococcus_ASV8349,,Methylotenera_ASV2538,,,,,,,,,,Ligilactobacillus_ASV56,,,,,,Rhodobacter_ASV4615,,,,
,Vicinamibacter_ASV1415,,Candidatus_Nucleicultrix_ASV14576,,,,,,,,,,,,Steroidobacter_ASV2234,,,,,,,,,,
,,,Blautia_ASV1723,,,,,,,,,,,,Lachnospiraceae_ASV14085,,,,,,,,,,
,,,,,,,,,,,,,,,Sphingomonas_ASV6107,,,,,,,,,,
,,,,,,,,,,,,,,,Rhizobia_ASV8270,,,,,,,,,,
,,,,,,,,,,,,,,,Corynebacterium_ASV15605,,,,,,,,,,
,,,,,,,,,,,,,,,Nitratireductor_ASV8365,,,,,,,,,,
,,,,,,,,,,,,,,,Halioglobus_ASV2745,,,,,,,,,,
