Water,Sediment,Crabs_Gut,Crabs_Hem,pathogene,Water|Sediment,Water|Crabs_Gut,Water|Crabs_Hem,Sediment|Crabs_Gut,Sediment|Crabs_Hem,Sediment|pathogene,Crabs_Gut|Crabs_Hem,Crabs_Gut|pathogene,Crabs_Hem|pathogene,Water|Sediment|Crabs_Gut,Water|Sediment|Crabs_Hem,Water|Crabs_Gut|Crabs_Hem,Sediment|Crabs_Gut|Crabs_Hem,Sediment|Crabs_Gut|pathogene,Crabs_Gut|Crabs_Hem|pathogene,Water|Sediment|Crabs_Gut|Crabs_Hem,Water|Sediment|Crabs_Hem|pathogene,Water|Crabs_Gut|Crabs_Hem|pathogene,Sediment|Crabs_Gut|Crabs_Hem|pathogene,Water|Sediment|Crabs_Gut|Crabs_Hem|pathogene
Enterocloster_ASV13230,Acetobacterium_ASV3900,Epulopiscium_ASV6996,Chromobacterium_ASV1775,Desulfurobacterium_ASV10430,Phaselicystis_ASV14353,Methylotenera_ASV2538,Mediterraneibacter_ASV8199,Clade_Ia_ASV4644,Anaerovorax_ASV2098,Nocardioides_ASV16495,Anaerobutyricum_ASV8401,Granulicatella_ASV15870,Helicobacter_ASV1278,Pedosphaera_ASV4763,Marinicella_ASV10104,Hydrogenophaga_ASV5497,Algoriphagus_ASV2010,Aeromonas_ASV4494,Bacteroides_ASV5945,Pseudobacteriovorax_ASV2829,Bremerella_ASV5618,uncultured_Mycoplasmataceae_ASV1204,Brevundimonas_ASV616,Acinetobacter_ASV14098
Eubacterium_eligens_group_ASV13239,Aminipila_ASV3126,Rubrobacter_ASV16223,Vermiphilum_ASV3085,Shewanella_ASV6390,Macellibacteroides_ASV3691,Corynebacterium_ASV15605,Monoglobus_ASV8229,Desulfomicrobium_ASV3831,Blastocatella_ASV14968,,Candidatus_Bacilloplasma_ASV6384,Capnocytophaga_ASV15892,Saccharimonadaceae_ASV14715,,Amphiplicatus_ASV1820,Anaerostipes_ASV6987,Anaerolinea_ASV10581,Desulfovibrio_ASV15882,Spirosoma_ASV14981,Geothermobacter_ASV2100,peptostreptococcus_ASV2711,Alcaligenes_ASV1726,Chryseobacterium_ASV8474,Erysipelothrix_ASV1757
Negativibacillus_ASV13074,Andreesenia_ASV11136,Methylophilus_ASV16718,Robiginitalea_ASV8789,Tenacibaculum_ASV4935,Pasteurella_ASV7263,Alistipes_ASV13593,R76-B128_ASV2572,Enhydrobacter_ASV8416,CSP1-2_ASV7230,,Candidatus_Endoecteinascidia_ASV1569,Photobacterium_ASV4167,,,Dubosiella_ASV2971,Agathobacter_ASV13193,Arenibacter_ASV1652,,,Rhodocyclus_ASV3769,,Microbacterium_ASV15020,Shinella_ASV11852,Arcobacter_ASV102
Turicibacter_ASV1261,Caldilineales_ASV9621,NS5_marine_group_ASV4822,Subdoligranulum_ASV8387,,Phycisphaera_ASV4942,Marinobacter_ASV14829,Erysipelotrichaceae_ASV13144,Kiritimatiella_ASV2515,Cyclobacterium_ASV1836,,Rurimicrobium_ASV7912,,,,Thermoanaerobacter_ASV5471,Roseburia_ASV13060,Arenimonas_ASV14128,,,Lactococcus_ASV421,,Streptococcus_ASV14078,Vibrio_ASV1543,Bacillus_ASV14090
Burkholderia-Caballeronia-Paraburkholderia_ASV15668,Desulfatiglans_ASV3244,Pseudodesulfovibrio_ASV14019,Fenollaria_ASV14721,,,Veillonella_ASV13062,Sva0081_sediment_group_ASV4428,Limibacillus_ASV6209,Desulfobacca_ASV3908,,Dorea_ASV2055,,,,Nitrospira_ASV4985,Faecalibacterium_ASV5420,Candidatus_Actinomarina_ASV4764,,,Candidatus_Megaira_ASV8544,,,,Enterobacter_ASV7606
Escherichia-Shigella_ASV13616,Fimbriimonas_ASV14334,Nitrososphaera_ASV13527,Portibacter_ASV2056,,,Ralstonia_ASV1230,PHOS-HE36_ASV4439,Marinifilum_ASV3681,Desulfotalea_ASV6629,,Weissella_ASV14201,,,,Rhizobia_ASV8270,,Carboxylicivirga_ASV2348,,,uncultured_candidate_ASV4460,,,,Pseudomonas_ASV14189
Phascolarctobacterium_ASV13017,Fusobacterium_ASV12129,Mangrovimonas_ASV11177,Ezakiella_ASV14710,,,Parabacteroides_ASV13664,Holdemanella_ASV2063,Mesobacillus_ASV10111,Kurthia_ASV8884,,Tritonibacter_ASV963,,,,Hyphomicrobium_ASV5906,,Desulfobacter_ASV11825,,,Dysgonomonas_ASV7445,,,,Flavobacterium_ASV1582
Parasutterella_ASV15642,Hyphomonas_ASV3652,Enterococcus_ASV14115,Sneathia_ASV7110,,,Sutterella_ASV13707,Opitutae_ASV495,Methylococcus_ASV2186,Muribacula_ASV1229,,Candidatus_Thiosymbion_ASV6847,,,,Lachnospiraceae_ASV14085,,Desulfobulbus_ASV5595,,,Psychrilyobacter_ASV6338,,,,
Prevotellaceae_ASV13740,Melioribacteraceae_IheB3-7_ASV14263,Thermomicrobium_ASV14477,Altericroceibacterium_ASV871,,,Blautia_ASV1723,Bifidobacterium_ASV15637,Microbulbifer_ASV11408,OM27_clade_ASV10940,,Marinilabilia_ASV14252,,,,Crocinitomix_ASV12406,,Desulfosarcina_ASV2684,,,Nitrosomonas_ASV1553,,,,
,Methyloligella_ASV1971,Desemzia_ASV14154,Maribellus_ASV5612,,,Segatella_ASV12928,Coprococcus_ASV2364,SCGC-AB-539-J10_ASV4442,Paracoccus_ASV6742,,Ignavibacterium_ASV5929,,,,Methylobacterium_ASV638,,Flavilitoribacter_ASV2906,,,Lactobacillus_ASV175,,,,
,Methylophaga_ASV4311,Sporichthya_ASV16066,Soehngenia_ASV2076,,,,,Stenotrophomonas_ASV4715,Planococcus_ASV623,,Roseicitreum_ASV3913,,,,Ilumatobacter_ASV830,,Haloferula_ASV701,,,Sphingomonas_ASV6107,,,,
,Pelolinea_ASV10999,Cloacibacterium_ASV16001,Terasakiella_ASV1766,,,,,,Prolixibacter_ASV7792,,Treponema_ASV1963,,,,Flavonifractor_ASV2030,,Legionella_ASV3109,,,Ileibacterium_ASV2205,,,,
,Peptoclostridium_ASV12265,Acetobacter_ASV16000,Chryseomicrobium_ASV14680,,,,,,Pseudoxanthomonas_ASV10648,,Vicingus_ASV8158,,,,Ligilactobacillus_ASV56,,Leptospira_ASV8261,,,Nitratireductor_ASV8365,,,,
,Rossellomorea_ASV9501,Litorivicinus_ASV4750,Megamonas_ASV276,,,,,,Romboutsia_ASV283,,Faecalibaculum_ASV1375,,,,,,Macellibacterium_ASV1728,,,Chitinophaga_ASV14122,,,,
,Staphylococcus_ASV8349,Brochothrix_ASV14067,Candidatus_Nitrosoarchaeum_ASV2310,,,,,,Sandaracinus_ASV9870,,Lysobacter_ASV6908,,,,,,Mammaliicoccus_ASV7391,,,Clostridium_ASV13872,,,,
,Thiobacillus_ASV3217,Candidatus_Entotheonella_ASV14088,Verruc-01_ASV7846,,,,,,Saprospira_ASV1575,,Massilia_ASV16284,,,,,,Pantoea_ASV1174,,,Acutalibacter_ASV14536,,,,
,Xanthomarina_ASV11527,Propionibacterium_ASV6909,Oxalobacter_ASV4657,,,,,,Skermanella_ASV14963,,Companilactobacillus_ASV7396,,,,,,Pedobacter_ASV15909,,,Halioglobus_ASV2745,,,,
,,Carnobacterium_ASV14045,Fusicatenibacter_ASV1809,,,,,,Solirubrobacter_ASV3946,,Pararhodobacter_ASV578,,,,,,Qipengyuania_ASV2428,,,Agathobaculum_ASV1900,,,,
,,Gleimia_ASV1442,Castellaniella_ASV2236,,,,,,Sulfurovum_ASV8464,,Synechococcus_ASV14005,,,,,,Rubritalea_ASV808,,,Comamonas_ASV3768,,,,
,,Pseudoalteromonas_ASV14134,Rubellimicrobium_ASV14165,,,,,,Tepidibacter_ASV913,,Peredibacter_ASV1976,,,,,,Steroidobacter_ASV2234,,,Rhodobacter_ASV4615,,,,
,,Rikenellaceae_ASV13760,Thiothrix_ASV1651,,,,,,Truepera_ASV6049,,Defluviimonas_ASV1584,,,,,,Syntrophobacter_ASV2339,,,,,,,
,,Alkalibacter_ASV15409,Marivivens_ASV1933,,,,,,uncultured_bacterium_ASV15125,,Xanthobacter_ASV15589,,,,,,,,,,,,,
,,Conexibacter_ASV16050,Candidatus_Nucleicultrix_ASV14576,,,,,,,,Spongiimonas_ASV241,,,,,,,,,,,,,
,,Psychrobacter_ASV14055,Roseibacillus_ASV482,,,,,,,,Hypnocyclicus_ASV13999,,,,,,,,,,,,,
,,Vagococcus_ASV14017,Nesterenkonia_ASV6682,,,,,,,,Draconibacterium_ASV6497,,,,,,,,,,,,,
,,,,,,,,,,,Streptomyces_ASV1175,,,,,,,,,,,,,
,,,,,,,,,,,Beijerinckia_ASV12563,,,,,,,,,,,,,
,,,,,,,,,,,Aerococcus_ASV259,,,,,,,,,,,,,
,,,,,,,,,,,Aequorivita_ASV1805,,,,,,,,,,,,,
,,,,,,,,,,,Vicinamibacter_ASV1415,,,,,,,,,,,,,
,,,,,,,,,,,Anaerorhabdus_ASV288,,,,,,,,,,,,,
,,,,,,,,,,,Pseudorhodobacter_ASV787,,,,,,,,,,,,,
,,,,,,,,,,,Gaiella_ASV684,,,,,,,,,,,,,
,,,,,,,,,,,Defluviitaleaceae_ASV289,,,,,,,,,,,,,
,,,,,,,,,,,Halomonas_ASV7567,,,,,,,,,,,,,
,,,,,,,,,,,Nitriliruptor_ASV6910,,,,,,,,,,,,,
,,,,,,,,,,,Spirochaeta_ASV2271,,,,,,,,,,,,,
