Water,Sediment,Crabs_Gut,Crabs_Hem,Water|Sediment,Water|Crabs_Gut,Water|Crabs_Hem,Sediment|Crabs_Gut,Sediment|Crabs_Hem,Crabs_Gut|Crabs_Hem,Water|Sediment|Crabs_Gut,Water|Sediment|Crabs_Hem,Water|Crabs_Gut|Crabs_Hem,Sediment|Crabs_Gut|Crabs_Hem,Water|Sediment|Crabs_Gut|Crabs_Hem
Enterocloster_ASV13230,Acetobacterium_ASV3900,Epulopiscium_ASV6996,Chromobacterium_ASV1775,Phaselicystis_ASV14353,Methylotenera_ASV2538,Mediterraneibacter_ASV8199,Aeromonas_ASV4494,Anaerovorax_ASV2098,Anaerobutyricum_ASV8401,Pedosphaera_ASV4763,Marinicella_ASV10104,uncultured_Mycoplasmataceae_ASV1204,Algoriphagus_ASV2010,Acinetobacter_ASV14098
Eubacterium_eligens_group_ASV13239,Aminipila_ASV3126,Rubrobacter_ASV16223,Helicobacter_ASV1278,Macellibacteroides_ASV3691,Corynebacterium_ASV15605,Monoglobus_ASV8229,Clade_Ia_ASV4644,Blastocatella_ASV14968,Candidatus_Bacilloplasma_ASV6384,,Amphiplicatus_ASV1820,Hydrogenophaga_ASV5497,Anaerolinea_ASV10581,Pseudobacteriovorax_ASV2829
Negativibacillus_ASV13074,Andreesenia_ASV11136,Methylophilus_ASV16718,Vermiphilum_ASV3085,Pasteurella_ASV7263,Alistipes_ASV13593,R76-B128_ASV2572,Desulfomicrobium_ASV3831,CSP1-2_ASV7230,Candidatus_Endoecteinascidia_ASV1569,,Bremerella_ASV5618,Anaerostipes_ASV6987,Arenibacter_ASV1652,Geothermobacter_ASV2100
Turicibacter_ASV1261,Caldilineales_ASV9621,NS5_marine_group_ASV4822,Robiginitalea_ASV8789,Phycisphaera_ASV4942,Marinobacter_ASV14829,Erysipelotrichaceae_ASV13144,Desulfovibrio_ASV15882,Cyclobacterium_ASV1836,Rurimicrobium_ASV7912,,Dubosiella_ASV2971,Alcaligenes_ASV1726,Arenimonas_ASV14128,Rhodocyclus_ASV3769
Burkholderia-Caballeronia-Paraburkholderia_ASV15668,Desulfatiglans_ASV3244,Pseudodesulfovibrio_ASV14019,Subdoligranulum_ASV8387,,Veillonella_ASV13062,Sva0081_sediment_group_ASV4428,Enhydrobacter_ASV8416,Desulfobacca_ASV3908,Dorea_ASV2055,,Thermoanaerobacter_ASV5471,Microbacterium_ASV15020,Brevundimonas_ASV616,Lactococcus_ASV421
Escherichia-Shigella_ASV13616,Fimbriimonas_ASV14334,Nitrososphaera_ASV13527,Fenollaria_ASV14721,,Ralstonia_ASV1230,PHOS-HE36_ASV4439,Kiritimatiella_ASV2515,Desulfotalea_ASV6629,Weissella_ASV14201,,Nitrospira_ASV4985,Agathobacter_ASV13193,Candidatus_Actinomarina_ASV4764,Candidatus_Megaira_ASV8544
Phascolarctobacterium_ASV13017,Fusobacterium_ASV12129,Granulicatella_ASV15870,Portibacter_ASV2056,,Parabacteroides_ASV13664,Holdemanella_ASV2063,Limibacillus_ASV6209,Kurthia_ASV8884,Tritonibacter_ASV963,,Rhizobia_ASV8270,Roseburia_ASV13060,Carboxylicivirga_ASV2348,uncultured_candidate_ASV4460
Parasutterella_ASV15642,Hyphomonas_ASV3652,Mangrovimonas_ASV11177,Ezakiella_ASV14710,,Sutterella_ASV13707,Opitutae_ASV495,Marinifilum_ASV3681,Muribacula_ASV1229,Candidatus_Thiosymbion_ASV6847,,Hyphomicrobium_ASV5906,Faecalibacterium_ASV5420,Chryseobacterium_ASV8474,Dysgonomonas_ASV7445
Prevotellaceae_ASV13740,Melioribacteraceae_IheB3-7_ASV14263,Enterococcus_ASV14115,Sneathia_ASV7110,,Blautia_ASV1723,Bifidobacterium_ASV15637,Mesobacillus_ASV10111,OM27_clade_ASV10940,Marinilabilia_ASV14252,,Lachnospiraceae_ASV14085,Streptococcus_ASV14078,Desulfobacter_ASV11825,Psychrilyobacter_ASV6338
,Methyloligella_ASV1971,Thermomicrobium_ASV14477,Altericroceibacterium_ASV871,,Segatella_ASV12928,Coprococcus_ASV2364,Methylococcus_ASV2186,Paracoccus_ASV6742,Ignavibacterium_ASV5929,,Crocinitomix_ASV12406,,Desulfobulbus_ASV5595,Nitrosomonas_ASV1553
,Methylophaga_ASV4311,Desemzia_ASV14154,Maribellus_ASV5612,,,,Microbulbifer_ASV11408,Planococcus_ASV623,Roseicitreum_ASV3913,,Methylobacterium_ASV638,,Desulfosarcina_ASV2684,Lactobacillus_ASV175
,Nocardioides_ASV16495,Sporichthya_ASV16066,Soehngenia_ASV2076,,,,SCGC-AB-539-J10_ASV4442,Prolixibacter_ASV7792,Treponema_ASV1963,,Ilumatobacter_ASV830,,Flavilitoribacter_ASV2906,Erysipelothrix_ASV1757
,Pelolinea_ASV10999,Cloacibacterium_ASV16001,Terasakiella_ASV1766,,,,Stenotrophomonas_ASV4715,Pseudoxanthomonas_ASV10648,Vicingus_ASV8158,,peptostreptococcus_ASV2711,,Haloferula_ASV701,Sphingomonas_ASV6107
,Peptoclostridium_ASV12265,Acetobacter_ASV16000,Chryseomicrobium_ASV14680,,,,,Romboutsia_ASV283,Faecalibaculum_ASV1375,,Flavonifractor_ASV2030,,Legionella_ASV3109,Ileibacterium_ASV2205
,Rossellomorea_ASV9501,Capnocytophaga_ASV15892,Megamonas_ASV276,,,,,Sandaracinus_ASV9870,Lysobacter_ASV6908,,Ligilactobacillus_ASV56,,Leptospira_ASV8261,Nitratireductor_ASV8365
,Staphylococcus_ASV8349,Litorivicinus_ASV4750,Candidatus_Nitrosoarchaeum_ASV2310,,,,,Saprospira_ASV1575,Massilia_ASV16284,,,,Macellibacterium_ASV1728,Chitinophaga_ASV14122
,Thiobacillus_ASV3217,Brochothrix_ASV14067,Verruc-01_ASV7846,,,,,Skermanella_ASV14963,Companilactobacillus_ASV7396,,,,Mammaliicoccus_ASV7391,Clostridium_ASV13872
,Xanthomarina_ASV11527,Candidatus_Entotheonella_ASV14088,Oxalobacter_ASV4657,,,,,Solirubrobacter_ASV3946,Pararhodobacter_ASV578,,,,Pantoea_ASV1174,Acutalibacter_ASV14536
,,Photobacterium_ASV4167,Fusicatenibacter_ASV1809,,,,,Sulfurovum_ASV8464,Synechococcus_ASV14005,,,,Pedobacter_ASV15909,Arcobacter_ASV102
,,Propionibacterium_ASV6909,Castellaniella_ASV2236,,,,,Tepidibacter_ASV913,Peredibacter_ASV1976,,,,Qipengyuania_ASV2428,Halioglobus_ASV2745
,,Carnobacterium_ASV14045,Rubellimicrobium_ASV14165,,,,,Truepera_ASV6049,Bacteroides_ASV5945,,,,Rubritalea_ASV808,Bacillus_ASV14090
,,Gleimia_ASV1442,Saccharimonadaceae_ASV14715,,,,,uncultured_bacterium_ASV15125,Defluviimonas_ASV1584,,,,Shinella_ASV11852,Enterobacter_ASV7606
,,Pseudoalteromonas_ASV14134,Thiothrix_ASV1651,,,,,,Xanthobacter_ASV15589,,,,Steroidobacter_ASV2234,Pseudomonas_ASV14189
,,Rikenellaceae_ASV13760,Marivivens_ASV1933,,,,,,Spongiimonas_ASV241,,,,Syntrophobacter_ASV2339,Agathobaculum_ASV1900
,,Alkalibacter_ASV15409,Candidatus_Nucleicultrix_ASV14576,,,,,,Hypnocyclicus_ASV13999,,,,Vibrio_ASV1543,Flavobacterium_ASV1582
,,Conexibacter_ASV16050,Roseibacillus_ASV482,,,,,,Draconibacterium_ASV6497,,,,,Comamonas_ASV3768
,,Psychrobacter_ASV14055,Nesterenkonia_ASV6682,,,,,,Streptomyces_ASV1175,,,,,Rhodobacter_ASV4615
,,Vagococcus_ASV14017,,,,,,,Beijerinckia_ASV12563,,,,,
,,Shewanella_ASV6390,,,,,,,Aerococcus_ASV259,,,,,
,,,,,,,,,Aequorivita_ASV1805,,,,,
,,,,,,,,,Vicinamibacter_ASV1415,,,,,
,,,,,,,,,Anaerorhabdus_ASV288,,,,,
,,,,,,,,,Pseudorhodobacter_ASV787,,,,,
,,,,,,,,,Gaiella_ASV684,,,,,
,,,,,,,,,Defluviitaleaceae_ASV289,,,,,
,,,,,,,,,Halomonas_ASV7567,,,,,
,,,,,,,,,Nitriliruptor_ASV6910,,,,,
,,,,,,,,,Spirochaeta_ASV2271,,,,,
,,,,,,,,,Spirosoma_ASV14981,,,,,
