Water,Sediment,Crabs_Gut,Crabs_Hem,pathogene,Water|Sediment,Water|Crabs_Gut,Water|Crabs_Hem,Sediment|Crabs_Gut,Sediment|Crabs_Hem,Sediment|pathogene,Crabs_Gut|Crabs_Hem,Crabs_Hem|pathogene,Water|Sediment|Crabs_Hem,Water|Crabs_Gut|Crabs_Hem,Water|Crabs_Hem|pathogene,Sediment|Crabs_Gut|Crabs_Hem,Crabs_Gut|Crabs_Hem|pathogene,Water|Sediment|Crabs_Gut|Crabs_Hem,Water|Sediment|Crabs_Gut|pathogene,Water|Sediment|Crabs_Hem|pathogene,Water|Crabs_Gut|Crabs_Hem|pathogene,Sediment|Crabs_Gut|Crabs_Hem|pathogene,Water|Sediment|Crabs_Gut|Crabs_Hem|pathogene
Chthoniobacteraceae_LD29_ASV4828,Bradymonas_ASV2990,Rubrobacter_ASV16223,Chromobacterium_ASV1775,Bacteroides_ASV5945,Peptoclostridium_ASV12265,Kiritimatiella_ASV2515,Marivivens_ASV1933,Acetobacter_ASV16000,Maribellus_ASV5612,Tenacibaculum_ASV4935,Anaerostipes_ASV6987,Shewanella_ASV6390,Candidatus_Actinomarina_ASV4764,Aerococcus_ASV259,Chryseobacterium_ASV8474,Pseudorhodobacter_ASV787,Spirosoma_ASV14981,uncultured_candidate_ASV4460,Photobacterium_ASV4167,Bremerella_ASV5618,Streptococcus_ASV14078,Acinetobacter_ASV14098,uncultured_Mycoplasmataceae_ASV1204
Odoribacter_ASV13693,Caldithrix_ASV14407,Sneathia_ASV7110,Micromonosporaceae_ASV14377,Helicobacter_ASV1278,Allobaculum_ASV4381,Parabacteroides_ASV13664,Erysipelotrichaceae_ASV13144,Limibacillus_ASV6209,Candidatus_Megaira_ASV8544,Desulfurobacterium_ASV10430,Dorea_ASV2055,Saccharimonadaceae_ASV14715,Candidatus_Thiosymbion_ASV6847,Bifidobacterium_ASV15637,Microbacterium_ASV15020,Hypnocyclicus_ASV13999,Brevundimonas_ASV616,CSP1-2_ASV7230,,Pseudomonas_ASV14189,,Nocardioides_ASV16495,Bacillus_ASV14090
Sutterella_ASV13707,Candidatus_Nitrosoarchaeum_ASV2310,Clade_Ia_ASV4644,Vermiphilum_ASV3085,Granulicatella_ASV15870,Aminipila_ASV3126,Megamonas_ASV276,Opitutae_ASV495,Mangrovimonas_ASV11177,Roseicitreum_ASV3913,Desulfovibrio_ASV15882,Draconibacterium_ASV6497,,Sva0081_sediment_group_ASV4428,Roseburia_ASV13060,Enterobacter_ASV7606,Rubritalea_ASV808,,Marinicella_ASV10104,,peptostreptococcus_ASV2711,,Aeromonas_ASV4494,Arcobacter_ASV102
Oscillospira_ASV13839,Pelolinea_ASV10999,Nitrososphaera_ASV13527,Candidatus Gastranaerophilaceae_ASV11823,Capnocytophaga_ASV15892,Solirubrobacter_ASV3946,Corynebacterium_ASV15605,Coprococcus_ASV2364,Microbulbifer_ASV11408,Skermanella_ASV14963,,Roseibacillus_ASV482,,R76-B128_ASV2572,,,Faecalibaculum_ASV1375,,Nitrospira_ASV4985,,,,Shinella_ASV11852,Alcaligenes_ASV1726
Pseudodesulfovibrio_ASV14019,Alkalibacter_ASV15409,Soehngenia_ASV2076,Cyanobacteria_ASV664,,Leptospira_ASV8261,Methylotenera_ASV2538,Crocinitomix_ASV12406,Psychrilyobacter_ASV6338,Amphiplicatus_ASV1820,,Holdemanella_ASV2063,,Melioribacteraceae_IheB3-7_ASV14263,,,Muribacula_ASV1229,,Defluviimonas_ASV1584,,,,Vibrio_ASV1543,Flavobacterium_ASV1582
Eubacterium_eligens_group_ASV13239,Epulopiscium_ASV6996,Tritonibacter_ASV963,Verruc-01_ASV7846,,Phaselicystis_ASV14353,Megasphaera_ASV15625,Paracoccus_ASV6742,Pantoea_ASV1174,Cyclobacterium_ASV1836,,Weissella_ASV14201,,PHOS-HE36_ASV4439,,,Marinobacter_ASV14829,,Desulfotalea_ASV6629,,,,Erysipelothrix_ASV1757,
Parasutterella_ASV15642,Vicinamibacter_ASV1415,Propionibacterium_ASV6909,Massilia_ASV16284,,Sulfurovum_ASV8464,,,,Robiginitalea_ASV8789,,Sporichthya_ASV16066,,Methylophaga_ASV4311,,,Carboxylicivirga_ASV2348,,Desulfobulbus_ASV5595,,,,,
Enterocloster_ASV13230,Desulfomonile_ASV12004,Ralstonia_ASV1230,Sedimenticola_ASV6974,,Thiobacillus_ASV3217,,,,Qipengyuania_ASV2428,,Anaerobutyricum_ASV8401,,Algoriphagus_ASV2010,,,uncultured_bacterium_ASV15125,,Legionella_ASV3109,,,,,
Xylanibacter_ASV13827,Truepera_ASV6049,NS5_marine_group_ASV4822,Subdoligranulum_ASV8387,,Macellibacteroides_ASV3691,,,,Mammaliicoccus_ASV7391,,Streptomyces_ASV1175,,Hyphomicrobium_ASV5906,,,Synechococcus_ASV14005,,Ilumatobacter_ASV830,,,,,
Butyribacter_ASV13643,Caldilineales_ASV9621,Portibacter_ASV2056,Fenollaria_ASV14721,,Limosilactobacillus_ASV3567,,,,Aequorivita_ASV1805,,Blautia_ASV1723,,Blastocatella_ASV14968,,,Dubosiella_ASV2971,,Lactobacillus_ASV175,,,,,
Treponema_ASV1963,Rossellomorea_ASV9501,Segatella_ASV12928,Companilactobacillus_ASV7396,,Turicibacter_ASV1261,,,,Kurthia_ASV8884,,Lysobacter_ASV6908,,Methylophilus_ASV16718,,,Haloferula_ASV701,,Desulfobacter_ASV11825,,,,,
Thalassobaculum_ASV15669,Sulfurimonas_ASV4799,Anaerococcus_ASV16432,Ezakiella_ASV14710,,Pseudobacteriovorax_ASV2829,,,,Acetobacterium_ASV3900,,Monoglobus_ASV8229,,Saprospira_ASV1575,,,Lactococcus_ASV421,,Dysgonomonas_ASV7445,,,,,
Escherichia-Shigella_ASV13616,Castellaniella_ASV2236,Ardenticatena_ASV1059,Spongiimonas_ASV241,,Flavonifractor_ASV2030,,,,Methyloligella_ASV1971,,Mediterraneibacter_ASV8199,,Arenibacter_ASV1652,,,Ileibacterium_ASV2205,,Rhodocyclus_ASV3769,,,,,
Rikenellaceae_ASV13760,Desulfobacca_ASV3908,Defluviitaleaceae_ASV289,Fusicatenibacter_ASV1809,,Pedosphaera_ASV4763,,,,Macellibacterium_ASV1728,,Stenotrophomonas_ASV4715,,Acutalibacter_ASV14536,,,Pedobacter_ASV15909,,Nitrosomonas_ASV1553,,,,,
Hydrogenophaga_ASV5497,Mesobacillus_ASV10111,Anaerorhabdus_ASV288,Nesterenkonia_ASV6682,,,,,,Xanthomarina_ASV11527,,Candidatus_Bacilloplasma_ASV6384,,Flavilitoribacter_ASV2906,,,,,Lachnospiraceae_ASV14085,,,,,
Burkholderia-Caballeronia-Paraburkholderia_ASV15668,Acetoanaerobium_ASV5883,Nitriliruptor_ASV6910,Chryseomicrobium_ASV14680,,,,,,Tepidibacter_ASV913,,Staphylococcus_ASV8349,,Steroidobacter_ASV2234,,,,,Phycisphaera_ASV4942,,,,,
Phascolarctobacterium_ASV13017,Candidatus_Soleaferrea_ASV3624,Psychrobacter_ASV14055,Pseudoxanthomonas_ASV10648,,,,,,Ligilactobacillus_ASV56,,Enhydrobacter_ASV8416,,Thermoanaerobacter_ASV5471,,,,,Clostridium_ASV13872,,,,,
Marivita_ASV4699,Marinifilum_ASV3681,Beijerinckia_ASV12563,Vagococcus_ASV14017,,,,,,OM27_clade_ASV10940,,Spirochaeta_ASV2271,,Geothermobacter_ASV2100,,,,,Agathobaculum_ASV1900,,,,,
Prevotellaceae_ASV13740,Desulfomicrobium_ASV3831,Methylococcus_ASV2186,Halomonas_ASV7567,,,,,,Sandaracinus_ASV9870,,,,Sphingomonas_ASV6107,,,,,Halioglobus_ASV2745,,,,,
Pasteurella_ASV7263,Andreesenia_ASV11136,Marinomonas_ASV4832,Oxalobacter_ASV4657,,,,,,Ignavibacterium_ASV5929,,,,Rhizobia_ASV8270,,,,,Agathobacter_ASV13193,,,,,
Alistipes_ASV13593,Hyphomonas_ASV3652,Ruminiclostridium_ASV7458,Ammoniphilus_ASV14849,,,,,,Fusobacterium_ASV12129,,,,Methylobacterium_ASV638,,,,,Comamonas_ASV3768,,,,,
Ruminococcus_ASV13580,Planococcus_ASV623,Peredibacter_ASV1976,Rubellimicrobium_ASV14165,,,,,,Gaiella_ASV684,,,,Chitinophaga_ASV14122,,,,,Rhodobacter_ASV4615,,,,,
,Anaerolinea_ASV10581,,Faecalibacterium_ASV5420,,,,,,Anaerovorax_ASV2098,,,,Nitratireductor_ASV8365,,,,,,,,,,
,,,Candidatus_Nucleicultrix_ASV14576,,,,,,Arenimonas_ASV14128,,,,,,,,,,,,,,
,,,Thiothrix_ASV1651,,,,,,Romboutsia_ASV283,,,,,,,,,,,,,,
,,,Xanthobacter_ASV15589,,,,,,Prolixibacter_ASV7792,,,,,,,,,,,,,,
,,,Roseisolibacter_ASV7581,,,,,,Desulfosarcina_ASV2684,,,,,,,,,,,,,,
,,,,,,,,,Syntrophobacter_ASV2339,,,,,,,,,,,,,,
