Water,Sediment,Crabs_Gut,Crabs_Hem,Water|Sediment,Water|Crabs_Gut,Water|Crabs_Hem,Sediment|Crabs_Gut,Sediment|Crabs_Hem,Crabs_Gut|Crabs_Hem,Water|Sediment|Crabs_Gut,Water|Sediment|Crabs_Hem,Water|Crabs_Gut|Crabs_Hem,Sediment|Crabs_Gut|Crabs_Hem,Water|Sediment|Crabs_Gut|Crabs_Hem
Chthoniobacteraceae_LD29_ASV4828,Tenacibaculum_ASV4935,Rubrobacter_ASV16223,Chromobacterium_ASV1775,Peptoclostridium_ASV12265,Kiritimatiella_ASV2515,Marivivens_ASV1933,Acetobacter_ASV16000,Maribellus_ASV5612,Anaerostipes_ASV6987,Photobacterium_ASV4167,Candidatus_Actinomarina_ASV4764,Aerococcus_ASV259,Pseudorhodobacter_ASV787,uncultured_candidate_ASV4460
Odoribacter_ASV13693,Bradymonas_ASV2990,Sneathia_ASV7110,Micromonosporaceae_ASV14377,Allobaculum_ASV4381,Parabacteroides_ASV13664,Erysipelotrichaceae_ASV13144,Limibacillus_ASV6209,Candidatus_Megaira_ASV8544,Dorea_ASV2055,,Candidatus_Thiosymbion_ASV6847,Streptococcus_ASV14078,Hypnocyclicus_ASV13999,CSP1-2_ASV7230
Sutterella_ASV13707,Caldithrix_ASV14407,Clade_Ia_ASV4644,Vermiphilum_ASV3085,Aminipila_ASV3126,Megamonas_ASV276,Chryseobacterium_ASV8474,Mangrovimonas_ASV11177,Roseicitreum_ASV3913,Draconibacterium_ASV6497,,Bremerella_ASV5618,Bifidobacterium_ASV15637,Rubritalea_ASV808,uncultured_Mycoplasmataceae_ASV1204
Oscillospira_ASV13839,Candidatus_Nitrosoarchaeum_ASV2310,Nitrososphaera_ASV13527,Candidatus Gastranaerophilaceae_ASV11823,Solirubrobacter_ASV3946,Corynebacterium_ASV15605,Opitutae_ASV495,Microbulbifer_ASV11408,Skermanella_ASV14963,Roseibacillus_ASV482,,Sva0081_sediment_group_ASV4428,Roseburia_ASV13060,Faecalibaculum_ASV1375,Marinicella_ASV10104
Pseudodesulfovibrio_ASV14019,Pelolinea_ASV10999,Soehngenia_ASV2076,Cyanobacteria_ASV664,Leptospira_ASV8261,Methylotenera_ASV2538,Coprococcus_ASV2364,Psychrilyobacter_ASV6338,Amphiplicatus_ASV1820,Holdemanella_ASV2063,,R76-B128_ASV2572,,Acinetobacter_ASV14098,Nitrospira_ASV4985
Eubacterium_eligens_group_ASV13239,Alkalibacter_ASV15409,Tritonibacter_ASV963,Verruc-01_ASV7846,Phaselicystis_ASV14353,Megasphaera_ASV15625,Crocinitomix_ASV12406,Pantoea_ASV1174,Cyclobacterium_ASV1836,Weissella_ASV14201,,Melioribacteraceae_IheB3-7_ASV14263,,Muribacula_ASV1229,Defluviimonas_ASV1584
Parasutterella_ASV15642,Epulopiscium_ASV6996,Propionibacterium_ASV6909,Massilia_ASV16284,Sulfurovum_ASV8464,,Paracoccus_ASV6742,,Robiginitalea_ASV8789,Sporichthya_ASV16066,,PHOS-HE36_ASV4439,,Marinobacter_ASV14829,Desulfotalea_ASV6629
Enterocloster_ASV13230,Vicinamibacter_ASV1415,Ralstonia_ASV1230,Sedimenticola_ASV6974,Thiobacillus_ASV3217,,Microbacterium_ASV15020,,Qipengyuania_ASV2428,Anaerobutyricum_ASV8401,,Methylophaga_ASV4311,,Carboxylicivirga_ASV2348,Desulfobulbus_ASV5595
Xylanibacter_ASV13827,Desulfomonile_ASV12004,NS5_marine_group_ASV4822,Subdoligranulum_ASV8387,Macellibacteroides_ASV3691,,Enterobacter_ASV7606,,Mammaliicoccus_ASV7391,Streptomyces_ASV1175,,Algoriphagus_ASV2010,,Nocardioides_ASV16495,Bacillus_ASV14090
Butyribacter_ASV13643,Truepera_ASV6049,Portibacter_ASV2056,Fenollaria_ASV14721,Limosilactobacillus_ASV3567,,,,Aequorivita_ASV1805,Blautia_ASV1723,,Hyphomicrobium_ASV5906,,uncultured_bacterium_ASV15125,Legionella_ASV3109
Treponema_ASV1963,Caldilineales_ASV9621,Segatella_ASV12928,Companilactobacillus_ASV7396,Turicibacter_ASV1261,,,,Kurthia_ASV8884,Lysobacter_ASV6908,,Blastocatella_ASV14968,,Synechococcus_ASV14005,Ilumatobacter_ASV830
Thalassobaculum_ASV15669,Desulfurobacterium_ASV10430,Anaerococcus_ASV16432,Ezakiella_ASV14710,Pseudobacteriovorax_ASV2829,,,,Acetobacterium_ASV3900,Monoglobus_ASV8229,,Methylophilus_ASV16718,,Aeromonas_ASV4494,Lactobacillus_ASV175
Escherichia-Shigella_ASV13616,Rossellomorea_ASV9501,Ardenticatena_ASV1059,Shewanella_ASV6390,Flavonifractor_ASV2030,,,,Methyloligella_ASV1971,Mediterraneibacter_ASV8199,,Saprospira_ASV1575,,Dubosiella_ASV2971,Desulfobacter_ASV11825
Rikenellaceae_ASV13760,Sulfurimonas_ASV4799,Defluviitaleaceae_ASV289,Spongiimonas_ASV241,Pedosphaera_ASV4763,,,,Macellibacterium_ASV1728,Stenotrophomonas_ASV4715,,Arenibacter_ASV1652,,Haloferula_ASV701,Dysgonomonas_ASV7445
Hydrogenophaga_ASV5497,Castellaniella_ASV2236,Anaerorhabdus_ASV288,Fusicatenibacter_ASV1809,,,,,Xanthomarina_ASV11527,Candidatus_Bacilloplasma_ASV6384,,Acutalibacter_ASV14536,,Shinella_ASV11852,Rhodocyclus_ASV3769
Burkholderia-Caballeronia-Paraburkholderia_ASV15668,Desulfobacca_ASV3908,Nitriliruptor_ASV6910,Nesterenkonia_ASV6682,,,,,Tepidibacter_ASV913,Staphylococcus_ASV8349,,Flavilitoribacter_ASV2906,,Vibrio_ASV1543,Nitrosomonas_ASV1553
Phascolarctobacterium_ASV13017,Mesobacillus_ASV10111,Psychrobacter_ASV14055,Chryseomicrobium_ASV14680,,,,,Ligilactobacillus_ASV56,Enhydrobacter_ASV8416,,Steroidobacter_ASV2234,,Lactococcus_ASV421,Lachnospiraceae_ASV14085
Marivita_ASV4699,Acetoanaerobium_ASV5883,Beijerinckia_ASV12563,Pseudoxanthomonas_ASV10648,,,,,OM27_clade_ASV10940,Spirochaeta_ASV2271,,Thermoanaerobacter_ASV5471,,Erysipelothrix_ASV1757,Phycisphaera_ASV4942
Prevotellaceae_ASV13740,Candidatus_Soleaferrea_ASV3624,Methylococcus_ASV2186,Vagococcus_ASV14017,,,,,Sandaracinus_ASV9870,Spirosoma_ASV14981,,Geothermobacter_ASV2100,,Ileibacterium_ASV2205,Clostridium_ASV13872
Pasteurella_ASV7263,Marinifilum_ASV3681,Marinomonas_ASV4832,Halomonas_ASV7567,,,,,Ignavibacterium_ASV5929,Brevundimonas_ASV616,,Sphingomonas_ASV6107,,Pedobacter_ASV15909,Agathobaculum_ASV1900
Alistipes_ASV13593,Desulfomicrobium_ASV3831,Ruminiclostridium_ASV7458,Oxalobacter_ASV4657,,,,,Fusobacterium_ASV12129,,,Rhizobia_ASV8270,,,Arcobacter_ASV102
Ruminococcus_ASV13580,Desulfovibrio_ASV15882,Peredibacter_ASV1976,Ammoniphilus_ASV14849,,,,,Gaiella_ASV684,,,Methylobacterium_ASV638,,,Halioglobus_ASV2745
,Andreesenia_ASV11136,,Rubellimicrobium_ASV14165,,,,,Anaerovorax_ASV2098,,,Chitinophaga_ASV14122,,,Agathobacter_ASV13193
,Hyphomonas_ASV3652,,Saccharimonadaceae_ASV14715,,,,,Arenimonas_ASV14128,,,Pseudomonas_ASV14189,,,Alcaligenes_ASV1726
,Planococcus_ASV623,,Faecalibacterium_ASV5420,,,,,Romboutsia_ASV283,,,Nitratireductor_ASV8365,,,Flavobacterium_ASV1582
,Anaerolinea_ASV10581,,Candidatus_Nucleicultrix_ASV14576,,,,,Prolixibacter_ASV7792,,,peptostreptococcus_ASV2711,,,Comamonas_ASV3768
,,,Thiothrix_ASV1651,,,,,Desulfosarcina_ASV2684,,,,,,Rhodobacter_ASV4615
,,,Xanthobacter_ASV15589,,,,,Syntrophobacter_ASV2339,,,,,,
,,,Roseisolibacter_ASV7581,,,,,,,,,,,
